{
  "manifest.json": 1713984482583,
  "i18n/i18n.properties": 1713983827333,
  "test/integration/pages/CustomerMessagesList.js": 1713983815893,
  "test/integration/opaTests.qunit.js": 1713983815837,
  "test/integration/FirstJourney.js": 1713983815913,
  "test/testsuite.qunit.js": 1713983815785,
  "xs-app.json": 1713987760184,
  "test/integration/pages/CustomerMessagesObjectPage.js": 1713983815893,
  "Component.js": 1713983815701,
  "test/integration/pages/CustomerMessagesObjectPage-dbg.js": 1713983815893,
  "test/integration/pages/CustomerMessagesObjectPage.js.map": 1713987771657,
  "test/integration/opaTests.qunit-dbg.js": 1713983815837,
  "test/integration/opaTests.qunit.js.map": 1713987771662,
  "test/integration/FirstJourney-dbg.js": 1713983815913,
  "test/integration/FirstJourney.js.map": 1713987771668,
  "test/testsuite.qunit-dbg.js": 1713983815785,
  "test/testsuite.qunit.js.map": 1713987771675,
  "test/integration/pages/CustomerMessagesList-dbg.js": 1713983815893,
  "test/integration/pages/CustomerMessagesList.js.map": 1713987771662,
  "Component-dbg.js": 1713983815701,
  "Component.js.map": 1713987771666,
  "Component-preload.js": 1713987771818,
  "Component-preload.js.map": 1713987771818,
  "test/integration/opaTests.qunit.html": 1713983815825,
  "test/testsuite.qunit.html": 1713983815765,
  "test/flpSandbox.html": 1713983815765,
  "index.html": 1713983815721
}